[
  {
    "id": "0afc4384-a057-47a0-aae1-ac79473e0f7d",
    "name": "Общий набор мышечной массы",
    "place": "Зал",
    "level": "Профи",
    "totalDays": 33,
    "daysPerWeek": 3,
    "description": "Базовая программа",
    "days": [
      {
        "id": "9003f433-9b66-42c5-94d1-5b796c2f49a9",
        "index": 10,
        "title": "грудные/трицепс/передняя дельта",
        "targetGroups": [
          "Грудь",
          "Руки Трицепс",
          "Дельты"
        ],
        "exercises": [
          "e7b5f29f-e196-40fc-be62-36168b033a2b",
          "61b7bff9-5812-4cb3-80dd-7e592be258a1"
        ],
        "progress": 61
      },
      {
        "id": "14095f95-2d0a-401e-ae02-0fb5ddd0b870",
        "index": 11,
        "title": "спина/бицепс/задняя дельта",
        "targetGroups": [
          "Спина",
          "Руки Бицепс",
          "Дельты"
        ],
        "exercises": [
          "2799adad-5fb3-49fc-a8d6-d47ed488ec29",
          "b0710098-8d94-430d-bdf8-0812c624185a",
          "c1e3798a-b13e-4a8a-9cfb-7735dfa173db"
        ],
        "progress": 0
      },
      {
        "id": "a577f677-b116-408c-9f80-b8c6a1f4e63a",
        "index": 12,
        "title": "ноги/средняя дельта",
        "targetGroups": [
          "Ноги",
          "Дельты"
        ],
        "exercises": [
          "e7b5f29f-e196-40fc-be62-36168b033a2b",
          "35ee7cf4-3c25-4054-a238-65dfa0d843c9"
        ],
        "progress": 0
      }
    ]
  }
]