[
  {
    "id": "9e4f98e3-52e2-4638-8ab7-449b43f86535",
    "title": "Спортивное питание",
    "items": [
      {
        "id": "15ffc939-a759-4914-90b9-ca7a6e572220",
        "title": "Сывороточный протеин",
        "body": "Описание пользы, дозировки, время приёма.",
        "tags": [
          "protein",
          "whey"
        ]
      },
      {
        "id": "6a2dc084-23e3-4e4a-903e-fa9b8d41eab1",
        "title": "Креатин моногидрат",
        "body": "5 г/день, загрузка не обязательна.",
        "tags": [
          "creatine"
        ]
      }
    ]
  },
  {
    "id": "2fa0ac97-abd7-47af-9b1b-b5a59f1a09f6",
    "title": "Калорийность продуктов",
    "items": [
      {
        "id": "f5ca6006-8d13-460c-8f44-4f8180252be4",
        "title": "Куриная грудка",
        "body": "КБЖУ на 100 г: 165 ккал, Б 31, Ж 3.6, У 0.",
        "tags": [
          "meat",
          "protein"
        ]
      }
    ]
  },
  {
    "id": "111a092a-e907-4356-b2f9-1e63b319a706",
    "title": "Фармакология",
    "items": [
      {
        "id": "6520529e-c2e1-4723-b5f6-c8d8a70d097e",
        "title": "Общее предупреждение",
        "body": "Любые препараты — только по назначению врача.",
        "tags": [
          "safety"
        ]
      }
    ]
  },
  {
    "id": "4783de3b-2cda-4199-bc0f-042654182ac8",
    "title": "Энциклопедия",
    "items": [
      {
        "id": "c9eff2e1-2037-464f-8a07-62916661d0b6",
        "title": "Гипертрофия мышц",
        "body": "Краткая справка о механизмах роста мышц.",
        "tags": [
          "science"
        ]
      }
    ]
  }
]